variable,bin,count,count_distr,good,bad,badprob,woe,bin_iv,total_iv,breaks,is_special_values
age,"[-inf,30.0)",5255,0.059003840021558014,4625,630,0.11988582302568981,0.6148235235115258,0.029114673333130565,0.24378890006713677,30.0,False
age,"[30.0,36.0)",7948,0.08924120275762952,7102,846,0.10644187216909914,0.4807230001756633,0.025404172612159985,0.24378890006713677,36.0,False
age,"[36.0,44.0)",13949,0.15662123015427454,12660,1289,0.09240805792529931,0.3237546613134933,0.018890193644264367,0.24378890006713677,44.0,False
age,"[44.0,50.0)",13260,0.14888504637219016,12179,1081,0.08152337858220211,0.18650873562457085,0.005614515235025813,0.24378890006713677,50.0,False
age,"[50.0,56.0)",12797,0.14368642069569512,11865,932,0.07282956943033524,0.06431999988820027,0.0006111878633054826,0.24378890006713677,56.0,False
age,"[56.0,64.0)",16094,0.18070557589095237,15292,802,0.04983223561575743,-0.3396411328773159,0.018030646122354582,0.24378890006713677,64.0,False
age,"[64.0,76.0)",13840,0.15539736363432216,13435,405,0.02926300578034682,-0.8933960998705793,0.08547688249539832,0.24378890006713677,76.0,False
age,"[76.0,inf)",5919,0.0664593204733781,5794,125,0.021118432167595878,-1.2279290869545214,0.06064662876149767,0.24378890006713677,inf,False
