variable,bin,count,count_distr,good,bad,badprob,woe,bin_iv,total_iv,breaks,is_special_values
DebtRatio,"[-inf,0.1)",16445,0.1846466506478633,15507,938,0.05703861356035269,-0.19696151078545127,0.006582574477089067,0.07318408836452622,0.1,False
DebtRatio,"[0.1,0.2)",12284,0.1379263883586715,11529,755,0.06146206447411267,-0.11756777591145591,0.0018124329810591617,0.07318408836452622,0.2,False
DebtRatio,"[0.2,0.3)",14179,0.1592037007927062,13380,799,0.0563509415332534,-0.20982003384347164,0.0064055683974617705,0.07318408836452622,0.3,False
DebtRatio,"[0.3,0.4)",12590,0.14136219712110665,11842,748,0.059412231930103254,-0.15366948104477104,0.0031248686844463,0.07318408836452622,0.4,False
DebtRatio,"[0.4,0.5)",9183,0.10310794727268645,8544,639,0.06958510290754655,0.015255247250031908,2.415403693557101e-05,0.07318408836452622,0.5,False
DebtRatio,"[0.5,0.7)",9647,0.10831780108239204,8771,876,0.09080543174043744,0.30449534105748294,0.011459887651806121,0.07318408836452622,0.7,False
DebtRatio,"[0.7,1.7)",7592,0.08524398733466573,6678,914,0.12038988408851423,0.6195921050230232,0.042805416888213446,0.07318408836452622,1.7,False
DebtRatio,"[1.7,inf)",7142,0.08019132738990815,6701,441,0.0617474096891627,-0.11263181845385165,0.0009691852475147756,0.07318408836452622,inf,False
