variable,bin,count,count_distr,good,bad,badprob,woe,bin_iv,total_iv,breaks,is_special_values
NumberOfDependents,"[-inf,1.0)",50808,0.570478992162763,47824,2984,0.05873090851834357,-0.1659275691275945,0.014625930890752273,0.035524195332357324,1.0,False
NumberOfDependents,"[1.0,2.0)",17153,0.19259616896094855,15872,1281,0.07468081385180435,0.09141982644455339,0.0016745123940941854,0.035524195332357324,2.0,False
NumberOfDependents,"[2.0,3.0)",12547,0.14087938739305203,11497,1050,0.08368534310990675,0.2150393864703017,0.007150318010555628,0.035524195332357324,3.0,False
NumberOfDependents,"[3.0,inf)",8554,0.0960454514832364,7759,795,0.09293897591769933,0.3300687298328557,0.012073434036955238,0.035524195332357324,inf,False
