variable,bin,count,count_distr,good,bad,badprob,woe,bin_iv,total_iv,breaks,is_special_values
NumberOfTime60-89DaysPastDueNotWorse,"[-inf,1.0)",84596,0.9498551570815836,80090,4506,0.05326492978391413,-0.26940580625306504,0.06142952875503139,0.5241510902647012,1.0,False
NumberOfTime60-89DaysPastDueNotWorse,"[1.0,inf)",4466,0.05014484291841639,2862,1604,0.35915808329601434,2.0293151823825366,0.46272156150966975,0.5241510902647012,inf,False
