variable,bin,count,count_distr,good,bad,badprob,woe,bin_iv,total_iv,breaks,is_special_values
NumberOfTime30-59DaysPastDueNotWorse,"[-inf,1.0)",74547,0.8370236464485414,71415,3132,0.042013763129300975,-0.518500799113562,0.1806027862710836,0.6891611373571517,1.0,False
NumberOfTime30-59DaysPastDueNotWorse,"[1.0,2.0)",9795,0.10997956479755676,8327,1468,0.14987238386932109,0.8727330370111146,0.12207659821056753,0.6891611373571517,2.0,False
NumberOfTime30-59DaysPastDueNotWorse,"[2.0,inf)",4720,0.05299678875390178,3210,1510,0.3199152542372881,1.8541740677573817,0.3864817528755006,0.6891611373571517,inf,False
