variable,bin,count,count_distr,good,bad,badprob,woe,bin_iv,total_iv,breaks,is_special_values
NumberOfTimes90DaysLate,"[-inf,1.0)",84121,0.9445217938065618,80036,4085,0.04856100141462893,-0.366819451069807,0.10867797870855002,0.7734190027430601,1.0,False
NumberOfTimes90DaysLate,"[1.0,inf)",4941,0.05547820619343828,2916,2025,0.4098360655737705,2.243692240484564,0.6647410240345101,0.7734190027430601,inf,False
