variable,bin,count,count_distr,good,bad,badprob,woe,bin_iv,total_iv,breaks,is_special_values
RevolvingUtilizationOfUnsecuredLines,"[-inf,0.1)",37133,0.4169342705081853,36406,727,0.0195782726954461,-1.3052270435998516,0.41753566551621324,1.0263022543267366,0.1,False
RevolvingUtilizationOfUnsecuredLines,"[0.1,0.2)",10411,0.11689609485526936,10100,311,0.029872250504274327,-0.8721624365776437,0.06179881124066442,1.0263022543267366,0.2,False
RevolvingUtilizationOfUnsecuredLines,"[0.2,0.30000000000000004)",6790,0.07623902449978666,6532,258,0.03799705449189985,-0.6231735150962652,0.022757346323011723,1.0263022543267366,0.30000000000000004,False
RevolvingUtilizationOfUnsecuredLines,"[0.30000000000000004,0.5)",9757,0.109552895735555,9175,582,0.059649482422875884,-0.14943187111886003,0.0022941455060791122,1.0263022543267366,0.5,False
RevolvingUtilizationOfUnsecuredLines,"[0.5,0.7000000000000001)",7060,0.07927062046664121,6356,704,0.09971671388101983,0.4079591825739089,0.01574654076116297,1.0263022543267366,0.7000000000000001,False
RevolvingUtilizationOfUnsecuredLines,"[0.7000000000000001,0.9)",6159,0.06915407244391547,5251,908,0.14742653028088976,0.8534059190359071,0.07280164341803652,1.0263022543267366,0.9,False
RevolvingUtilizationOfUnsecuredLines,"[0.9,inf)",11752,0.13195302149064697,9132,2620,0.22294077603812118,1.3597249431779295,0.4333681015615686,1.0263022543267366,inf,False
