,SeriousDlqin2yrs,RevolvingUtilizationOfUnsecuredLines,age,NumberOfTime30-59DaysPastDueNotWorse,DebtRatio,MonthlyIncome,NumberOfOpenCreditLinesAndLoans,NumberOfTimes90DaysLate,NumberRealEstateLoansOrLines,NumberOfTime60-89DaysPastDueNotWorse,NumberOfDependents
count,150000,150000,150000,150000,150000,120269,150000,150000,150000,150000,146076
mean,0.06684,6.048438055,52.29520667,0.421033333,353.0050758,6670.221237,8.45276,0.265973333,1.01824,0.240386667,0.757222268
std,0.249745531,249.7553706,14.77186586,4.192781272,2037.818523,14384.67422,5.14595099,4.169303788,1.129770985,4.155179421,1.115086071
min,0,0,0,0,0,0,0,0,0,0,0
25%,0,0.029867442,41,0,0.175073832,3400,5,0,0,0,0
50%,0,0.154180737,52,0,0.366507841,5400,8,0,1,0,0
75%,0,0.559046248,63,0,0.868253773,8249,11,0,2,0,1
max,1,50708,109,98,329664,3008750,58,98,54,98,20
